"Reference","Qty","Value","DNP","Exclude from BOM","Exclude from Board","Footprint","Datasheet","LCSC"
"C1","1","0.1u","","","","Capacitor_SMD:C_0805_2012Metric","~",""
"C2,C3,C4,C5,C7,C12,C14,C23","8","10u","","","","Capacitor_SMD:C_0805_2012Metric","~",""
"C6","1","1u","","","","Capacitor_SMD:C_0402_1005Metric","~",""
"C8,C10,C11,C13","4","0.1u","","","","Capacitor_SMD:C_0402_1005Metric","~",""
"C9","1","1n","","","","Capacitor_SMD:C_0402_1005Metric","~",""
"C15,C16","2","15p","","","","Capacitor_SMD:C_0402_1005Metric","~",""
"C17,C18,C20,C21","4","4.7u","","","","Capacitor_SMD:C_0402_1005Metric","~",""
"C19,C22,C24,C25,C26,C27,C28,C29,C30,C31,C32,C33,C34,C35","14","100n","","","","Capacitor_SMD:C_0402_1005Metric","~",""
"CD1,PD2,UD3","3","GREEN","","","","LED_SMD:LED_0805_2012Metric","~","C2297"
"CD2,UD2","2","YELLOW","","","","LED_SMD:LED_0805_2012Metric","~","C2296"
"CR1","1","BAT60JFILM","","","","footprintsBAT60:CR_60JFILM_STM","BAT60JFILM",""
"D1","1","Inolux_IN-P55TATRGB","","","","LED_SMD:LED_Inolux_IN-P55TATRGB_PLCC6_5.0x5.5mm_P1.8mm","https://www.inolux-corp.com/datasheet/SMDLED/RGB%20Top%20View/IN-P55TATRGB.pdf",""
"D2","1","BZT52B5V1","","","","Diode_SMD:D_SOD-123F","https://diotec.com/tl_files/diotec/files/pdf/datasheets/bzt52b2v4.pdf",""
"D3,UD4","2","BLUE","","","","LED_SMD:LED_0805_2012Metric","~","C2293"
"H1,H2,H3,H4","4","MountingHole_Pad","","Excluded from BOM","","MountingHole:MountingHole_2.5mm_Pad","~",""
"J1","1","JST 1x02","","","","Connector_JST:JST_EH_B2B-EH-A_1x02_P2.50mm_Vertical","~","C160262"
"J2","1","USB4110GFA","","","","custom:GCT_USB4110GFA","",""
"J3","1","BM06B-GHS-TBT_LF__SN__N_","","","","custom:JST_BM06B-GHS-TBT_LF__SN__N_","","BM06B-GHS-TBT(LF)(SN)(N)"
"J4","1","MEM2067-02-180-00-A_REVB","","","","custom:GCT_MEM2067-02-180-00-A_REVB","",""
"J5,J6,J10,J11","4","522072460","","","","custom:CON_522072460_MOL","",""
"J7,J8,J12,J13","4","522712469","","","","custom:CON_522712469_MOL","",""
"J9","1","Conn 1x06","","","","Connector_PinHeader_2.54mm:PinHeader_1x06_P2.54mm_Vertical","~","A2541WV-6P"
"J14","1","Conn_01x24_Pin","","","","Connector_PinHeader_2.54mm:PinHeader_1x24_P2.54mm_Vertical","~",""
"L1","1","1.5u","","","","Inductor_SMD:L_0805_2012Metric","~",""
"L2","1","3.3u","","","","Inductor_SMD:L_0805_2012Metric","~",""
"PD1,UD1","2","RED","","","","LED_SMD:LED_0805_2012Metric","~","C84256"
"Q1","1","DMP3099L","","","","Package_TO_SOT_SMD:SOT-23","https://www.diodes.com/assets/Datasheets/DMP3099L.pdf",""
"R1,R14,R27","3","5.1k","","","","Resistor_SMD:R_0402_1005Metric","~",""
"R2,R3,R4,R8,R11,R13,R15,R17,R19,R32,R36","11","10k","","","","Resistor_SMD:R_0402_1005Metric","~",""
"R5,R6","2","22","","","","Resistor_SMD:R_0402_1005Metric","~",""
"R7","1","270","","","","Resistor_SMD:R_0402_1005Metric","~",""
"R9","1","100k","","","","Resistor_SMD:R_0402_1005Metric","~",""
"R10,R12","2","2.2k","","","","Resistor_SMD:R_0402_1005Metric","~",""
"R16,R20,R23,R24,R26,R28,R29,R33,R34","9","1k","","","","Resistor_SMD:R_0402_1005Metric","~",""
"R18,R30","2","3k","","","","Resistor_SMD:R_0402_1005Metric","~",""
"R21","1","1.2k","","","","Resistor_SMD:R_0402_1005Metric","~",""
"R22","1","1M","","","","Resistor_SMD:R_0402_1005Metric","~",""
"R25","1","33","","","","Resistor_SMD:R_0402_1005Metric","~",""
"R31","1","2k","","","","Resistor_SMD:R_0402_1005Metric","~",""
"R35","1","510","","","","Resistor_SMD:R_0402_1005Metric","~",""
"SW1","1","SW_SPDT","","","","Button_Switch_SMD:SW_SPDT_PCM12","~",""
"SW2","1","BOOTSEL","","","","Button_Switch_SMD:SW_SPST_PTS647_Sx38","~","PTS647SM38SMTR2LFS"
"SW3","1","RESET","","","","Button_Switch_SMD:SW_SPST_PTS647_Sx38","~","PTS647SM38SMTR2LFS"
"SW4","1","LEFT","","","","Button_Switch_SMD:SW_SPST_PTS647_Sx38","~","PTS647SM38SMTR2LFS"
"SW5","1","RIGHT","","","","Button_Switch_SMD:SW_SPST_PTS647_Sx38","~","PTS647SM38SMTR2LFS"
"U1","1","BNO085","","","","custom:IC_BNO085","",""
"U2","1","TP4056-42-ESOP8","","","","Package_SO:SOIC-8-1EP_3.9x4.9mm_P1.27mm_EP2.41x3.3mm_ThermalVias","https://www.lcsc.com/datasheet/lcsc_datasheet_2410121619_TOPPOWER-Nanjing-Extension-Microelectronics-TP4056-42-ESOP8_C16581.pdf",""
"U3","1","TPS63051RMWR","","","","custom:QFN50P250X250X100-12N","",""
"U4","1","RP2350_80QFN","","","","Package_QFP:TQFP-80-1EP_14x14mm_P0.65mm_EP9.5x9.5mm_ThermalVias","",""
"U5","1","W25Q128JVS","","","","Package_SO:SOIC-8_5.3x5.3mm_P1.27mm","http://www.winbond.com/resource-files/w25q128jv_dtr%20revc%2003272018%20plus.pdf",""
"Y1","1","SG-3030CM","","","","Oscillator:Oscillator_SMD_SeikoEpson_SG3030CM","https://support.epson.biz/td/api/doc_check.php?mode=dl&lang=en&Parts=SG-3030CM",""
"Y2","1","ABM8-272-T3","","","","Crystal:Crystal_SMD_3225-4Pin_3.2x2.5mm","~",""
